SERVICE,LANGUAGE,DISASTER,PROMPT,ROUGE-1,ROUGE-2,ROUGE-L,BLEU,BERTScore_P,BERTScore_R,BERTScore_F1,COMET,SERVICE_FROM_FILENAME
gemini,spanish,flood,prompt_simple.txt,0.6126377648839897,0.4248462880109988,0.3968820120769584,0.5192981796122351,0.6778748631477356,0.691342830657959,0.6845426559448242,0.0,gemini
gemini,spanish,flood,prompt_persona.txt,0.688581234457574,0.5053790381942223,0.436370776264248,8.98086125684577,0.7315751314163208,0.7083984613418579,0.7198002934455872,0.0,gemini
gemini,spanish,flood,prompt_one_shot.txt,0.6755954155612406,0.5047366787148105,0.4455283361970653,8.664155452962117,0.7530071139335632,0.735846996307373,0.7443281412124634,0.0,gemini
gemini,spanish,flood,prompt_cross_lingual_alignment.txt,0.6437808583737046,0.4797388172681401,0.4414013532171676,8.143677787792827,0.7435123324394226,0.7154011130332947,0.7291858792304993,0.0,gemini
gemini,spanish,flood,prompt_chain_of_translation.txt,0.5436027755648009,0.4378952455097189,0.4011881864210345,5.976356488933814,0.757972240447998,0.6925481557846069,0.7237847447395325,0.0,gemini
gemini,spanish,flood,translate_flood.txt,0.9381715642686044,0.875489371961017,0.8934513254064438,70.49612882808017,0.9516619443893432,0.9557958245277404,0.9537243843078612,0.0,gemini
gemini,spanish,extreme_wind,prompt_simple.txt,0.5195081930891526,0.3990026524800981,0.3694270554845793,1.9039879906996144,0.6938637495040894,0.6911479234695435,0.6925031542778015,0.0,gemini
gemini,spanish,extreme_wind,prompt_persona.txt,0.6283540139133847,0.4854794606420971,0.4137686339963921,5.706347193073529,0.7272850871086121,0.705059826374054,0.7160000205039978,0.0,gemini
gemini,spanish,extreme_wind,prompt_one_shot.txt,0.559139171433065,0.4463190607822326,0.4164785811444134,6.266523218702188,0.7493144273757935,0.6946244835853577,0.720933735370636,0.0,gemini
gemini,spanish,extreme_wind,prompt_cross_lingual_alignment.txt,0.5314421377584347,0.4260526163513777,0.3791419155500971,3.720037939819188,0.7322169542312622,0.6878712773323059,0.709351658821106,0.0,gemini
gemini,spanish,extreme_wind,prompt_chain_of_translation.txt,0.5134257299066367,0.4176387800393813,0.3630320620666686,3.758618274507121,0.7303768992424011,0.689437985420227,0.7093172669410706,0.0,gemini
gemini,spanish,extreme_wind,translate_extreme_wind.txt,0.9331615817969904,0.8485992107346895,0.8073626037480995,52.92475062466217,0.9292596578598022,0.930191457271576,0.9297254085540771,0.0,gemini
gemini,spanish,fire,prompt_simple.txt,0.2080929059747895,0.1302160998119342,0.1633740310335602,0.0196114838276405,0.6656361818313599,0.5545755624771118,0.6050516366958618,0.0,gemini
gemini,spanish,fire,prompt_persona.txt,0.4539927981446481,0.3705316497313266,0.3334554828146183,3.621369642903183,0.7481401562690735,0.6877580285072327,0.7166795134544373,0.0,gemini
gemini,spanish,fire,prompt_one_shot.txt,0.4420928856639554,0.3613674693363345,0.3334069511940116,3.327903617801933,0.7453689575195312,0.6916877031326294,0.7175256609916687,0.0,gemini
gemini,spanish,fire,prompt_cross_lingual_alignment.txt,0.3877831449720594,0.3177406719851367,0.3128390727820951,2.559082449702361,0.7804279327392578,0.6888344883918762,0.7317762970924377,0.0,gemini
gemini,spanish,fire,prompt_chain_of_translation.txt,0.3635925331009532,0.303949898640967,0.3018077673316465,2.085111674622664,0.7698054313659668,0.6625180244445801,0.7121435403823853,0.0,gemini
gemini,spanish,fire,translate_fire.txt,0.9535429970092132,0.8697416862134072,0.8346789215334681,53.32059722064788,0.92039155960083,0.9218162894248962,0.9211033582687378,0.0,gemini
gemini,spanish,boil_water_notice,prompt_simple.txt,0.4645962389325341,0.3594889569745584,0.3422506480709444,1.7426464802575443,0.7656699419021606,0.6963037252426147,0.7293412089347839,0.0,gemini
gemini,spanish,boil_water_notice,prompt_persona.txt,0.4319175641854678,0.36642848166716,0.329104332985805,2.202854889763497,0.7727335691452026,0.6982761025428772,0.7336204051971436,0.0,gemini
gemini,spanish,boil_water_notice,prompt_one_shot.txt,0.422999111617803,0.3659267628434856,0.3325309993295818,2.8299481931226285,0.8250536918640137,0.6943274736404419,0.7540667653083801,0.0,gemini
gemini,spanish,boil_water_notice,prompt_cross_lingual_alignment.txt,0.3984766289774913,0.3355683326222338,0.3121548677763661,1.953263879912488,0.8050599694252014,0.7106242775917053,0.7549001574516296,0.0,gemini
gemini,spanish,boil_water_notice,prompt_chain_of_translation.txt,0.429197112250296,0.3675681865030314,0.326676358540703,2.380451687535747,0.8254960179328918,0.7123126983642578,0.7647392749786377,0.0,gemini
gemini,spanish,boil_water_notice,translate_boil_water_notice.txt,0.9168569279507114,0.828705355243458,0.7201201191907529,40.30807443924176,0.8575118780136108,0.8697608709335327,0.8635929822921753,0.0,gemini
gemini,spanish,911_outage,prompt_simple.txt,0.6251241848883722,0.4759693760573193,0.4298042866883447,2.092729828782592,0.7469498515129089,0.7048510313034058,0.725290060043335,0.0,gemini
gemini,spanish,911_outage,prompt_persona.txt,0.6666585580870048,0.4953051074430408,0.43345175332933,6.090984743139132,0.7133950591087341,0.6823413372039795,0.6975226998329163,0.0,gemini
gemini,spanish,911_outage,prompt_one_shot.txt,0.6398128307322303,0.4668114007088116,0.4158806710595693,5.239306889722505,0.7740967869758606,0.7155706286430359,0.7436839938163757,0.0,gemini
gemini,spanish,911_outage,prompt_cross_lingual_alignment.txt,0.6292079528342649,0.4525377744219887,0.407503764750186,5.238275244090169,0.7456294894218445,0.7007706165313721,0.7225043773651123,0.0,gemini
gemini,spanish,911_outage,prompt_chain_of_translation.txt,0.5622133983170527,0.4172098871542832,0.3949883487370358,4.74086473074038,0.8019962906837463,0.6956709027290344,0.7450593113899231,0.0,gemini
gemini,spanish,911_outage,translate_911_outage.txt,0.9072510315563754,0.8332712549003233,0.7808845137029801,47.21334582032664,0.909954309463501,0.8849088549613953,0.8972567915916443,0.0,gemini
gemini,haitian_creole,flood,prompt_simple.txt,0.5761868893285773,0.3936223048115075,0.3863503316182515,2.0357556499141065,0.6780219078063965,0.6027071475982666,0.6381500363349915,0.0,gemini
gemini,haitian_creole,flood,prompt_persona.txt,0.7209721875166853,0.5304469642010001,0.4513996599323555,7.571218822938175,0.7650222182273865,0.7298324108123779,0.7470130324363708,0.0,gemini
gemini,haitian_creole,flood,prompt_one_shot.txt,0.7266183441371254,0.5381620248973904,0.4596906364963172,8.34570199864014,0.7413263320922852,0.7130835056304932,0.7269306778907776,0.0,gemini
gemini,haitian_creole,flood,prompt_cross_lingual_alignment.txt,0.6289312423784905,0.4763567400691179,0.4224711579983073,6.339677592504819,0.7524213194847107,0.7116727232933044,0.7314800024032593,0.0,gemini
gemini,haitian_creole,flood,prompt_chain_of_translation.txt,0.6293744898012907,0.4766251508604087,0.4107884038266241,6.370007534757083,0.7566254138946533,0.7187304496765137,0.7371912598609924,0.0,gemini
gemini,haitian_creole,flood,translate_flood.txt,0.9156862089281534,0.8467976389132333,0.8459320970924114,58.03700744130546,0.9288930892944336,0.9096339344978333,0.9191626906394958,0.0,gemini
gemini,haitian_creole,extreme_wind,prompt_simple.txt,0.4389617735149562,0.3584132339297936,0.3350944335586405,1.4310994762799345,0.6645081043243408,0.593742847442627,0.6271355152130127,0.0,gemini
gemini,haitian_creole,extreme_wind,prompt_persona.txt,0.5938354009940148,0.5051619279804209,0.4300091588791048,6.499100595384757,0.785131573677063,0.7343000173568726,0.7588655352592468,0.0,gemini
gemini,haitian_creole,extreme_wind,prompt_one_shot.txt,0.5590642184938955,0.4736783220723577,0.4355737958578549,4.899584031102092,0.7812319993972778,0.7124508023262024,0.7452577352523804,0.0,gemini
gemini,haitian_creole,extreme_wind,prompt_cross_lingual_alignment.txt,0.5392078078949414,0.4520276776048614,0.399529265118177,4.806788594659666,0.7439314126968384,0.6926946640014648,0.7173993587493896,0.0,gemini
gemini,haitian_creole,extreme_wind,prompt_chain_of_translation.txt,0.5311413816419356,0.4511647766109753,0.3917565982463558,4.104025412411304,0.7330589890480042,0.6746937036514282,0.7026664018630981,0.0,gemini
gemini,haitian_creole,extreme_wind,translate_extreme_wind.txt,0.8658798959660903,0.7325285366971049,0.6769612402727984,35.98580524104948,0.8637703061103821,0.8692685961723328,0.8665107488632202,0.0,gemini
gemini,haitian_creole,fire,prompt_simple.txt,0.2838773143668844,0.1970572728101967,0.2269601383347391,0.0361074022068378,0.654913067817688,0.6071572303771973,0.6301316022872925,0.0,gemini
gemini,haitian_creole,fire,prompt_persona.txt,0.4629549098418819,0.380778362637495,0.3437963081958435,2.217090141073831,0.7322844862937927,0.6612335443496704,0.6949477195739746,0.0,gemini
gemini,haitian_creole,fire,prompt_one_shot.txt,0.4478864374173189,0.3685738617630456,0.3503985029095311,1.8587624706077623,0.7728776335716248,0.7037674188613892,0.7367053031921387,0.0,gemini
gemini,haitian_creole,fire,prompt_cross_lingual_alignment.txt,0.3814984977303446,0.3247102303260913,0.3068582281583178,1.1864650679859874,0.753121018409729,0.684555172920227,0.7172030806541443,0.0,gemini
gemini,haitian_creole,fire,prompt_chain_of_translation.txt,0.3974802750545112,0.3353212139555459,0.3129801034312477,1.5002126093235966,0.7827576994895935,0.6939626932144165,0.7356906533241272,0.0,gemini
gemini,haitian_creole,fire,translate_fire.txt,0.9533276725364912,0.9026872893200456,0.8639750147979051,65.45072675086381,0.91934335231781,0.9152365326881408,0.9172852635383606,0.0,gemini
gemini,haitian_creole,boil_water_notice,prompt_simple.txt,0.4235921259485389,0.353100258256257,0.3239308675368608,0.988137704578138,0.7515645623207092,0.6868468523025513,0.717749834060669,0.0,gemini
gemini,haitian_creole,boil_water_notice,prompt_persona.txt,0.5052664626183848,0.4306469245739732,0.3643302167410883,3.2935985651324127,0.7693990468978882,0.7002538442611694,0.7331998944282532,0.0,gemini
gemini,haitian_creole,boil_water_notice,prompt_one_shot.txt,0.4758308270787596,0.4191130803868721,0.3698546608497358,3.741876121065953,0.7537691593170166,0.6945624351501465,0.722955584526062,0.0,gemini
gemini,haitian_creole,boil_water_notice,prompt_cross_lingual_alignment.txt,0.4427661007230543,0.3894800443991861,0.3478717085503393,2.313785237126987,0.7796233892440796,0.7023855447769165,0.7389917969703674,0.0,gemini
gemini,haitian_creole,boil_water_notice,prompt_chain_of_translation.txt,0.4315670888992307,0.3729148875276193,0.3292773761606793,2.0669043761589747,0.771821141242981,0.7058395147323608,0.7373571991920471,0.0,gemini
gemini,haitian_creole,boil_water_notice,translate_boil_water_notice.txt,0.902407706503103,0.826175233215089,0.7306285755317408,44.510266830503824,0.8680427074432373,0.8650102615356445,0.8665238618850708,0.0,gemini
gemini,haitian_creole,911_outage,prompt_simple.txt,0.6739457636742506,0.5082844627833859,0.4401258626254871,4.4466813014370175,0.7575458884239197,0.7176239490509033,0.737044632434845,0.0,gemini
gemini,haitian_creole,911_outage,prompt_persona.txt,0.7742030933009416,0.5747853587118685,0.4770387762846777,7.635698668983547,0.7435498833656311,0.7063466906547546,0.7244709730148315,0.0,gemini
gemini,haitian_creole,911_outage,prompt_one_shot.txt,0.7087580540926665,0.5187162614755573,0.469873258291708,7.700740221358753,0.7390686869621277,0.6975456476211548,0.7177071571350098,0.0,gemini
gemini,haitian_creole,911_outage,prompt_cross_lingual_alignment.txt,0.6748405145459877,0.4823246899851989,0.4188620977334241,7.374795186408874,0.7745997905731201,0.6851410269737244,0.7271291613578796,0.0,gemini
gemini,haitian_creole,911_outage,prompt_chain_of_translation.txt,0.6715958173618092,0.5092079356075431,0.4391640104704563,7.059135150345476,0.773565411567688,0.7003419399261475,0.7351348400115967,0.0,gemini
gemini,haitian_creole,911_outage,translate_911_outage.txt,0.9129193305043192,0.838625869955807,0.8529583607947616,57.56067255179932,0.8951135873794556,0.8955880403518677,0.8953507542610168,0.0,gemini
gemini,vietnamese,flood,prompt_simple.txt,0.6379412547145027,0.4521883791942993,0.4212100703619896,2.7829575117195584,0.6803130507469177,0.659259557723999,0.6696208119392395,0.0,gemini
gemini,vietnamese,flood,prompt_persona.txt,0.6965084983631279,0.5413663038257636,0.4536730126999763,9.904735419348814,0.7184581160545349,0.7013535499572754,0.7098027467727661,0.0,gemini
gemini,vietnamese,flood,prompt_one_shot.txt,0.6947075262340255,0.5553447749702892,0.5190188397386523,11.431132567575872,0.7601329684257507,0.7204217910766602,0.7397447824478149,0.0,gemini
gemini,vietnamese,flood,prompt_cross_lingual_alignment.txt,0.607685963102403,0.4856921751076224,0.4514721715637838,7.796625812052351,0.7175183296203613,0.6767560839653015,0.6965413093566895,0.0,gemini
gemini,vietnamese,flood,prompt_chain_of_translation.txt,0.6601361292449484,0.4893552999220449,0.4640987125328981,9.15551497083226,0.7595361471176147,0.6884976625442505,0.7222743630409241,0.0,gemini
gemini,vietnamese,flood,translate_flood.txt,0.926607060631024,0.8608319670180277,0.8414709663159258,61.5587031085967,0.9531527757644652,0.9573929309844972,0.955268144607544,0.0,gemini
gemini,vietnamese,extreme_wind,prompt_simple.txt,0.5233816262965081,0.3927803645851388,0.3820844052920624,2.154194459095441,0.7641048431396484,0.7079716920852661,0.7349680662155151,0.0,gemini
gemini,vietnamese,extreme_wind,prompt_persona.txt,0.6102322171702108,0.5078765044923786,0.4195839625903041,7.381102401879459,0.7836876511573792,0.7226698398590088,0.7519429326057434,0.0,gemini
gemini,vietnamese,extreme_wind,prompt_one_shot.txt,0.5998129021259866,0.5023411710734219,0.4349322524245115,9.120959470840068,0.7997687458992004,0.7219585180282593,0.758874237537384,0.0,gemini
gemini,vietnamese,extreme_wind,prompt_cross_lingual_alignment.txt,0.5166025267114427,0.4376869761190711,0.3903305983006651,5.708367458441259,0.8150531649589539,0.7222573757171631,0.7658545970916748,0.0,gemini
gemini,vietnamese,extreme_wind,prompt_chain_of_translation.txt,0.5181203901398584,0.4336611525046737,0.3890190559333562,5.214746715507584,0.8265833854675293,0.7321071624755859,0.7764820456504822,0.0,gemini
gemini,vietnamese,extreme_wind,translate_extreme_wind.txt,0.8889466160637949,0.8228989097257271,0.7697436944222003,43.02383299139475,0.8424432277679443,0.8577834367752075,0.8500441312789917,0.0,gemini
gemini,vietnamese,fire,prompt_simple.txt,0.2508029856942499,0.1582716198699931,0.1997282963154819,0.0825218872015029,0.6786224842071533,0.6338640451431274,0.6554800868034363,0.0,gemini
gemini,vietnamese,fire,prompt_persona.txt,0.3862388018055897,0.3095006640107055,0.3072860373222925,1.3985282114464022,0.7597079277038574,0.6852716207504272,0.7205725312232971,0.0,gemini
gemini,vietnamese,fire,prompt_one_shot.txt,0.4337520455264214,0.3510112863604311,0.3445600530997719,2.60833509970506,0.7481102347373962,0.6825581192970276,0.7138323783874512,0.0,gemini
gemini,vietnamese,fire,prompt_cross_lingual_alignment.txt,0.3502361545404109,0.2898405249052225,0.2982595310513649,1.3614267917986147,0.7778090238571167,0.6986150145530701,0.7360881567001343,0.0,gemini
gemini,vietnamese,fire,prompt_chain_of_translation.txt,0.4470496343541359,0.3253045472689984,0.3440029663186184,4.041832445019062,0.7633621692657471,0.6648165583610535,0.7106894850730896,0.0,gemini
gemini,vietnamese,fire,translate_fire.txt,0.9071254241616094,0.8448451543468845,0.7950526102003885,49.40539021943631,0.866852343082428,0.9021289348602296,0.8841389417648315,0.0,gemini
gemini,vietnamese,boil_water_notice,prompt_simple.txt,0.5387130700641768,0.4272335718068817,0.3857853218516378,3.399384210084311,0.7309631705284119,0.6360731720924377,0.6802248954772949,0.0,gemini
gemini,vietnamese,boil_water_notice,prompt_persona.txt,0.4778446353010548,0.4055191671691819,0.3630443607710202,4.207798450500219,0.7572070360183716,0.7216644287109375,0.7390086054801941,0.0,gemini
gemini,vietnamese,boil_water_notice,prompt_one_shot.txt,0.4583214427828714,0.3980482168071391,0.3652602798310855,3.7024510833247937,0.7775821089744568,0.7120420932769775,0.7433702349662781,0.0,gemini
gemini,vietnamese,boil_water_notice,prompt_cross_lingual_alignment.txt,0.4841850573987236,0.3863515765014426,0.3510612867936365,5.879732886225586,0.6201223731040955,0.6644189953804016,0.6415069103240967,0.0,gemini
gemini,vietnamese,boil_water_notice,prompt_chain_of_translation.txt,0.4591077211334349,0.3748204161057218,0.3465577040980309,3.963882611139838,0.802078366279602,0.7378131747245789,0.7686048150062561,0.0,gemini
gemini,vietnamese,boil_water_notice,translate_boil_water_notice.txt,0.8732405283855987,0.8420884157209597,0.8008488106643562,48.67730027301928,0.8798075318336487,0.9075817465782166,0.8934788703918457,0.0,gemini
gemini,vietnamese,911_outage,prompt_simple.txt,0.6296341580733039,0.4628735671252075,0.4404008206023848,4.041995527052488,0.7574611902236938,0.7034609317779541,0.7294630408287048,0.0,gemini
gemini,vietnamese,911_outage,prompt_persona.txt,0.5967409860271254,0.4760515219774549,0.437332853098191,6.356215273946183,0.761353611946106,0.6905558109283447,0.72422856092453,0.0,gemini
gemini,vietnamese,911_outage,prompt_one_shot.txt,0.6053369563986707,0.4603481991435223,0.4315600012567545,6.656074382615946,0.7748401165008545,0.7057434916496277,0.7386794090270996,0.0,gemini
gemini,vietnamese,911_outage,prompt_cross_lingual_alignment.txt,0.6144007417591826,0.4489305173708982,0.4339450750645484,6.847291088253197,0.7524276971817017,0.7154566049575806,0.7334765791893005,0.0,gemini
gemini,vietnamese,911_outage,prompt_chain_of_translation.txt,0.5871061578487038,0.4596602929842048,0.4043984948360624,5.220590289811553,0.7853009700775146,0.6937768459320068,0.7367072105407715,0.0,gemini
gemini,vietnamese,911_outage,translate_911_outage.txt,0.9182005623242794,0.878537151711237,0.7863641323137882,57.95236717720931,0.9233883023262024,0.937077522277832,0.9301825761795044,0.0,gemini
gemini,arabic,flood,prompt_simple.txt,0.7133006119132056,0.5080670604135586,0.4438535856764609,3.00811347471878,0.8901987075805664,0.782196044921875,0.8327100276947021,0.0,gemini
gemini,arabic,flood,prompt_persona.txt,0.7581154570728441,0.6097480318238512,0.5058181301191892,11.324901603827506,0.8967938423156738,0.891421914100647,0.894099771976471,0.0,gemini
gemini,arabic,flood,prompt_one_shot.txt,0.7049941156755887,0.5893727884918422,0.5242959429473486,12.763900163545468,0.9322530031204224,0.9111393094062804,0.9215752482414246,0.0,gemini
gemini,arabic,flood,prompt_cross_lingual_alignment.txt,0.6884895093545851,0.5734903153342563,0.4933070986623767,8.546127640840943,0.9264637231826782,0.9048675894737244,0.9155383706092834,0.0,gemini
gemini,arabic,flood,prompt_chain_of_translation.txt,0.651927072848288,0.5464811112413854,0.4759744414086432,7.654577328878068,0.9264807105064392,0.8985233306884766,0.9122878313064576,0.0,gemini
gemini,arabic,flood,translate_flood.txt,0.9585269355917744,0.8673422720752818,0.8527311540326442,65.29478892385511,0.9995700120925904,0.9995036125183104,0.9995368123054504,0.0,gemini
gemini,arabic,extreme_wind,prompt_simple.txt,0.5509127496765713,0.4265880515260267,0.4188348203996708,3.3353288008984068,0.895496129989624,0.7906330823898315,0.8398038148880005,0.0,gemini
gemini,arabic,extreme_wind,prompt_persona.txt,0.5608714787866392,0.4978050927493082,0.4629081837548046,6.222778232496198,0.9241549968719482,0.8930004835128784,0.9083106517791748,0.0,gemini
gemini,arabic,extreme_wind,prompt_one_shot.txt,0.5763571691406065,0.5174065159968069,0.4718320170483291,7.012389743935063,0.9241551160812378,0.8930004835128784,0.9083107113838196,0.0,gemini
gemini,arabic,extreme_wind,prompt_cross_lingual_alignment.txt,0.5976792192622455,0.5157875953413414,0.4759121669292439,5.846172154614525,0.9341299533843994,0.9041063189506532,0.9188729524612428,0.0,gemini
gemini,arabic,extreme_wind,prompt_chain_of_translation.txt,0.5481180292758373,0.4640026297677442,0.4387571412987078,5.828611831647847,0.7198004126548767,0.7991700172424316,0.7574115991592407,0.0,gemini
gemini,arabic,extreme_wind,translate_extreme_wind.txt,0.9444605153652148,0.8828322985774908,0.8325152811561233,58.62724449832999,0.9964979887008668,0.9970455169677734,0.9967716932296752,0.0,gemini
gemini,arabic,fire,prompt_simple.txt,0.3029898952853034,0.2514016781748163,0.245785032268567,0.0552293938651218,0.8089890480041504,0.7660529613494873,0.7869357466697693,0.0,gemini
gemini,arabic,fire,prompt_persona.txt,0.3513210652826387,0.3197225821597186,0.3017313806459681,0.9686404146835949,0.8707970380783081,0.8519485592842102,0.8612696528434753,0.0,gemini
gemini,arabic,fire,prompt_one_shot.txt,0.3725041263618638,0.3414138144612836,0.3205601603180528,1.1485931991312457,0.8772803544998169,0.8562145233154297,0.8666194081306458,0.0,gemini
gemini,arabic,fire,prompt_cross_lingual_alignment.txt,0.3717293078151292,0.3351417602010967,0.3250101496302293,1.1204940255929243,0.8710438013076782,0.8507949113845825,0.8608002662658691,0.0,gemini
gemini,arabic,fire,prompt_chain_of_translation.txt,0.3579759384888892,0.3276379097694264,0.3095041360423127,0.8774353623890612,0.9013913869857788,0.8650150299072266,0.8828286528587341,0.0,gemini
gemini,arabic,fire,translate_fire.txt,0.9350753051841508,0.8807990340071209,0.8472690259437781,66.60495392710888,0.973189115524292,0.9740675687789916,0.9736281633377076,0.0,gemini
gemini,arabic,boil_water_notice,prompt_simple.txt,0.4382515591170812,0.3825498002707113,0.3458080813935872,1.4743491894217955,0.8206921815872192,0.7762041687965393,0.7978284358978271,0.0,gemini
gemini,arabic,boil_water_notice,prompt_persona.txt,0.4328065279988835,0.3919969437367727,0.3508647661585794,2.02467458375911,0.8474615812301636,0.827346920967102,0.8372834920883179,0.0,gemini
gemini,arabic,boil_water_notice,prompt_one_shot.txt,0.3691961339648413,0.3449325949557723,0.314404757297851,1.3103898282928386,0.8397045731544495,0.8115946650505066,0.8254104256629944,0.0,gemini
gemini,arabic,boil_water_notice,prompt_cross_lingual_alignment.txt,0.3631289370293762,0.3267772783633582,0.2917188785281832,0.6705400514491368,0.8447535634040833,0.8132395148277283,0.8286970257759094,0.0,gemini
gemini,arabic,boil_water_notice,prompt_chain_of_translation.txt,0.3843230782424198,0.352454197697284,0.3166030085564026,1.1816494993875757,0.8457459807395935,0.8193540573120117,0.8323408365249634,0.0,gemini
gemini,arabic,boil_water_notice,translate_boil_water_notice.txt,0.9552098608009636,0.8927549719882519,0.8370166676648709,64.19032277129823,0.9910824298858644,0.9906764626502992,0.9908794164657592,0.0,gemini
gemini,arabic,911_outage,prompt_simple.txt,0.6030872993066181,0.4990688503423913,0.4329631347601505,3.485551884148408,0.8212535977363586,0.7537543177604675,0.7860575914382935,0.0,gemini
gemini,arabic,911_outage,prompt_persona.txt,0.6476945759887832,0.5573841819559434,0.5064476283186542,13.288328786378733,0.882079541683197,0.8231990337371826,0.8516227602958679,0.0,gemini
gemini,arabic,911_outage,prompt_one_shot.txt,0.6930262416821845,0.5812741112041684,0.5215384428296485,13.921223754674523,0.846127450466156,0.8072687387466431,0.8262414932250977,0.0,gemini
gemini,arabic,911_outage,prompt_cross_lingual_alignment.txt,0.6353196684953838,0.5350113615393766,0.4813406478220283,9.791416691694671,0.8678571581840515,0.8249157667160034,0.8458418250083923,0.0,gemini
gemini,arabic,911_outage,prompt_chain_of_translation.txt,0.5648746391896302,0.4873698463512437,0.4643229372470459,8.54910722027471,0.8684175610542297,0.8137863874435425,0.8402148485183716,0.0,gemini
gemini,arabic,911_outage,translate_911_outage.txt,0.9489279634895824,0.890811351230936,0.8673048446489401,67.2271947443382,0.9646376967430116,0.9562674164772034,0.9604343175888062,0.0,gemini
gemini,chinese_traditional,flood,prompt_simple.txt,0.3581961353067949,0.1773372735548194,0.3065893416569475,0.8237796349298281,0.6950590014457703,0.6045675873756409,0.6466628909111023,0.0,gemini
gemini,chinese_traditional,flood,prompt_persona.txt,0.5780683855059627,0.4076476632448151,0.4454087961570441,3.854268600565606,0.7149905562400818,0.6672791838645935,0.6903114318847656,0.0,gemini
gemini,chinese_traditional,flood,prompt_one_shot.txt,0.5622427813727713,0.421649701822209,0.4607209426306553,4.300316187579255,0.7257847785949707,0.6693413853645325,0.6964213252067566,0.0,gemini
gemini,chinese_traditional,flood,prompt_cross_lingual_alignment.txt,0.5877906896246633,0.4051888588561942,0.4758255613407071,4.005838857761484,0.699695348739624,0.6754266023635864,0.6873468160629272,0.0,gemini
gemini,chinese_traditional,flood,prompt_chain_of_translation.txt,0.5227424963603639,0.3978468023270473,0.4160406814198047,4.370799417190852,0.7431823015213013,0.6624780893325806,0.7005134224891663,0.0,gemini
gemini,chinese_traditional,flood,translate_flood.txt,0.8641765275077296,0.7536801299643411,0.7203298761482904,39.44210686894899,0.85101318359375,0.844201922416687,0.8475938439369202,0.0,gemini
gemini,chinese_traditional,extreme_wind,prompt_simple.txt,0.3459525634651306,0.1339702647277942,0.3121301015669043,0.2828841634581887,0.6975889205932617,0.6337578892707825,0.6641432642936707,0.0,gemini
gemini,chinese_traditional,extreme_wind,prompt_persona.txt,0.4682056367131044,0.3163586842394301,0.3959205727352717,2.6783195497320387,0.782560408115387,0.6585546731948853,0.7152222394943237,0.0,gemini
gemini,chinese_traditional,extreme_wind,prompt_one_shot.txt,0.4556785544269247,0.312475038272661,0.3911280943079425,1.773614157523557,0.758293867111206,0.6376073360443115,0.6927334666252136,0.0,gemini
gemini,chinese_traditional,extreme_wind,prompt_cross_lingual_alignment.txt,0.4644327530219345,0.3041205957174107,0.3949728301629232,1.5772999820471982,0.7203039526939392,0.6297377347946167,0.6719831228256226,0.0,gemini
gemini,chinese_traditional,extreme_wind,prompt_chain_of_translation.txt,0.4393134695325025,0.2999634435526396,0.3887955719071717,1.3339292802978793,0.7340786457061768,0.6407784223556519,0.6842628121376038,0.0,gemini
gemini,chinese_traditional,extreme_wind,translate_extreme_wind.txt,0.7454208806796419,0.5082080269069046,0.6786112815476381,16.655480269913166,0.857394814491272,0.854092001914978,0.8557402491569519,0.0,gemini
gemini,chinese_traditional,fire,prompt_simple.txt,0.2261959524646962,0.1163483409569314,0.1971570107097369,0.2318119613382086,0.6823684573173523,0.5754750967025757,0.6243798136711121,0.0,gemini
gemini,chinese_traditional,fire,prompt_persona.txt,0.3437948780580326,0.270593738066951,0.3076450600698623,0.931053166961759,0.7471470236778259,0.622408926486969,0.6790974140167236,0.0,gemini
gemini,chinese_traditional,fire,prompt_one_shot.txt,0.3316993998710071,0.2570481599542403,0.3039995629239459,0.7194077832901355,0.7552593946456909,0.6326323747634888,0.6885285377502441,0.0,gemini
gemini,chinese_traditional,fire,prompt_cross_lingual_alignment.txt,0.3666827659843101,0.2852641862110036,0.306564251707804,1.1977993733985917,0.7615617513656616,0.6516687870025635,0.7023426294326782,0.0,gemini
gemini,chinese_traditional,fire,prompt_chain_of_translation.txt,0.3418631705110761,0.2693317529702663,0.3032336793234837,0.7920684567724147,0.7558283805847168,0.6428131461143494,0.6947547197341919,0.0,gemini
gemini,chinese_traditional,fire,translate_fire.txt,0.9116879194531268,0.8398982966560146,0.8755959998678665,60.00689253072217,0.922751486301422,0.9093338251113892,0.9159935116767884,0.0,gemini
gemini,chinese_traditional,boil_water_notice,prompt_simple.txt,0.3673315994780231,0.2410112269420941,0.312598536568023,0.9358923814963176,0.6170336604118347,0.61899733543396,0.6180139183998108,0.0,gemini
gemini,chinese_traditional,boil_water_notice,prompt_persona.txt,0.4176474926609634,0.3383040307841641,0.3613574027850886,1.4917316721445242,0.7510229349136353,0.6622028946876526,0.7038217782974243,0.0,gemini
gemini,chinese_traditional,boil_water_notice,prompt_one_shot.txt,0.371037757887433,0.3034310560075767,0.3441382005512849,1.1339922072477773,0.7316833734512329,0.6288855075836182,0.6764009594917297,0.0,gemini
gemini,chinese_traditional,boil_water_notice,prompt_cross_lingual_alignment.txt,0.389084017256654,0.3075903458849919,0.3533343147572321,0.6380603924497047,0.709477424621582,0.6089416146278381,0.6553763747215271,0.0,gemini
gemini,chinese_traditional,boil_water_notice,prompt_chain_of_translation.txt,0.3661341977284534,0.287758706190819,0.3238054143586505,0.7190582966426329,0.7257078886032104,0.6256145238876343,0.6719542145729065,0.0,gemini
gemini,chinese_traditional,boil_water_notice,translate_boil_water_notice.txt,0.906763619023728,0.822048854123782,0.80501237503168,56.24922242334228,0.9053503274917604,0.8905351758003235,0.8978816270828247,0.0,gemini
gemini,chinese_traditional,911_outage,prompt_simple.txt,0.5532163742690058,0.3466150813801394,0.4463795700095392,9.503899535574698,0.7593196630477905,0.6823630928993225,0.718787431716919,0.0,gemini
gemini,chinese_traditional,911_outage,prompt_persona.txt,0.6414387374924503,0.463417013986708,0.4856435865564528,8.13273251826101,0.7876734733581543,0.7264243364334106,0.755810022354126,0.0,gemini
gemini,chinese_traditional,911_outage,prompt_one_shot.txt,0.5836727536893378,0.4145049539917198,0.4590352494545433,7.416486291129351,0.7366138696670532,0.6586723923683167,0.6954662203788757,0.0,gemini
gemini,chinese_traditional,911_outage,prompt_cross_lingual_alignment.txt,0.6420735211469776,0.4402238017908968,0.4929827733978585,8.290245592646098,0.7073364853858948,0.6692292094230652,0.6877553462982178,0.0,gemini
gemini,chinese_traditional,911_outage,prompt_chain_of_translation.txt,0.559221844010547,0.3998774628467995,0.4196684795533201,4.591989453968819,0.7559372782707214,0.6527069807052612,0.7005396485328674,0.0,gemini
gemini,chinese_traditional,911_outage,translate_911_outage.txt,0.8957493908186707,0.8149483628704173,0.7899503645622804,55.60504142949338,0.9111740589141846,0.8917394280433655,0.901352047920227,0.0,gemini
google_translate,spanish,flood,,0.9579288025889968,0.8928571428571427,0.9223300970873788,70.69739066119807,0.9453177452087402,0.9443961381912231,0.9448567032814026,0.0,results.csv
google_translate,spanish,extreme_wind,,0.918484500574053,0.803222094361335,0.7921928817451206,41.73234341140461,0.9018213748931884,0.9029154777526855,0.9023680686950684,0.0,results.csv
google_translate,spanish,fire,,0.9395973154362416,0.8504201680672271,0.8137583892617449,45.03470873281717,0.8544436097145081,0.8682299256324768,0.8612816333770752,0.0,results.csv
google_translate,spanish,boil_water_notice,,0.9421742482652272,0.8416988416988417,0.7417116422513492,48.0307562859425,0.8673774003982544,0.8676780462265015,0.8675276637077332,0.0,results.csv
google_translate,spanish,911_outage,,0.9246088193456614,0.8302425106990012,0.7681365576102419,42.69075997593945,0.9005846977233887,0.8936771154403687,0.8971176147460938,0.0,results.csv
google_translate,haitian_creole,flood,,0.947935368043088,0.9045045045045044,0.8725314183123876,63.88458571027189,0.9325501322746276,0.9235195517539978,0.9280129075050354,0.0,results.csv
google_translate,haitian_creole,extreme_wind,,0.8548812664907655,0.7301587301587302,0.7097625329815304,32.241516318627795,0.8261544704437256,0.8233071565628052,0.8247283697128296,0.0,results.csv
google_translate,haitian_creole,fire,,0.9589552238805972,0.930841121495327,0.9011194029850744,74.59561614356902,0.9399257898330688,0.93359375,0.9367490410804749,0.0,results.csv
google_translate,haitian_creole,boil_water_notice,,0.9214574898785426,0.8580697485806976,0.7870445344129555,57.44588281467497,0.9009875059127808,0.899659276008606,0.9003228545188904,0.0,results.csv
google_translate,haitian_creole,911_outage,,0.8929219600725953,0.8342440801457196,0.8638838475499091,57.16925446689436,0.9176202416419984,0.8875758647918701,0.9023481011390686,0.0,results.csv
google_translate,vietnamese,flood,,0.8862478777589133,0.8245315161839862,0.8285229202037352,56.06641026356799,0.9109337329864502,0.9193875193595886,0.9151411056518556,0.0,results.csv
google_translate,vietnamese,extreme_wind,,0.9068010075566753,0.8282828282828284,0.7607052896725441,38.34562310354087,0.8951813578605652,0.8935062885284424,0.8943430185317993,0.0,results.csv
google_translate,vietnamese,fire,,0.8870673952641166,0.8248175182481752,0.7668488160291439,37.95464072380433,0.8208377361297607,0.8501701354980469,0.8352465033531189,0.0,results.csv
google_translate,vietnamese,boil_water_notice,,0.8610634648370497,0.8230240549828178,0.7821612349914236,42.812232704377486,0.8693090081214905,0.8973591923713684,0.8831114172935486,0.0,results.csv
google_translate,vietnamese,911_outage,,0.9201277955271566,0.8782051282051281,0.7699680511182109,49.29311816257324,0.92696613073349,0.9373255372047424,0.9321170449256896,0.0,results.csv
google_translate,arabic,flood,,0.9214876033057852,0.8547717842323653,0.8429752066115702,61.32314554305675,0.996897518634796,0.996834397315979,0.9968659281730652,0.0,results.csv
google_translate,arabic,extreme_wind,,0.9308357348703172,0.838150289017341,0.8213256484149856,54.47374101898376,0.9989738464355468,0.9987301826477052,0.998852014541626,0.0,results.csv
google_translate,arabic,fire,,0.9120580235720762,0.846503178928247,0.8322756119673619,54.34382910624154,0.967574417591095,0.970160186290741,0.9688655734062196,0.0,results.csv
google_translate,arabic,boil_water_notice,,0.9426289034132168,0.8596363636363635,0.7770515613652869,54.36377223908345,0.973270058631897,0.9808892011642456,0.9770647287368774,0.0,results.csv
google_translate,arabic,911_outage,,0.9494640122511486,0.8755760368663594,0.7840735068912711,57.1997575043616,0.9113190770149232,0.85744708776474,0.8835626840591431,0.0,results.csv
google_translate,chinese_traditional,flood,,0.8473282442748091,0.7384615384615385,0.737404580152672,48.05721851260732,0.8801374435424805,0.8620978593826294,0.8710242509841919,0.0,results.csv
google_translate,chinese_traditional,extreme_wind,,0.744462860650706,0.4872004965859714,0.6780908532842236,13.586949600912316,0.8684183359146118,0.8683477640151978,0.8683830499649048,0.0,results.csv
google_translate,chinese_traditional,fire,,0.9172932330827066,0.8641509433962264,0.8909774436090225,70.56422342343689,0.9390538334846495,0.9245808720588684,0.9317612051963806,0.0,results.csv
google_translate,chinese_traditional,boil_water_notice,,0.9140893470790378,0.8482758620689653,0.8350515463917525,64.03291588138248,0.9210284948349,0.9062485694885254,0.9135787487030028,0.0,results.csv
google_translate,chinese_traditional,911_outage,,0.8866666666666669,0.8187919463087248,0.8533333333333333,64.30473757000209,0.9342035055160522,0.9024360179901124,0.9180450439453124,0.0,results.csv
deepL,spanish,flood,,0.9260450160771704,0.8612903225806451,0.8488745980707396,60.80292275079197,0.9089696407318116,0.9087714552879332,0.90887051820755,0.0,deepL_translate
deepL,spanish,extreme_wind,,0.882775119617225,0.7601918465227818,0.7655502392344499,31.824426751915794,0.8825873732566833,0.8672069311141968,0.8748295903205872,0.0,deepL_translate
deepL,spanish,fire,,0.947996589940324,0.8608027327070878,0.8303495311167945,50.6946057683945,0.8567533493041992,0.8657279014587402,0.861217200756073,0.0,deepL_translate
deepL,spanish,boil_water_notice,,0.8898614150255287,0.7830533235938641,0.688548504741065,27.925130264037183,0.8255618214607239,0.8479795455932617,0.836620569229126,0.0,deepL_translate
deepL,spanish,911_outage,,0.9116809116809116,0.8228571428571428,0.7777777777777778,48.29749255407468,0.8840798139572144,0.8713216781616211,0.8776543736457825,0.0,deepL_translate
deepL,vietnamese,flood,,0.911032028469751,0.8535714285714286,0.8327402135231317,58.42745015752141,0.9251863956451416,0.9273658990859984,0.9262748956680298,0.0,deepL_translate
deepL,vietnamese,extreme_wind,,0.8897338403041825,0.7928843710292249,0.699619771863118,31.629354402684687,0.8678299188613892,0.8724359273910522,0.8701267838478088,0.0,deepL_translate
deepL,vietnamese,fire,,0.8876712328767123,0.8014638609332113,0.7598173515981737,35.14264399020375,0.8204215168952942,0.8460261225700378,0.8330271244049072,0.0,deepL_translate
deepL,vietnamese,boil_water_notice,,0.8817391304347826,0.832752613240418,0.7791304347826087,45.34268718346932,0.8683367371559143,0.8980147838592529,0.8829265236854553,0.0,deepL_translate
deepL,vietnamese,911_outage,,0.9012738853503184,0.8530351437699681,0.751592356687898,49.28371960574504,0.8942152261734009,0.881623387336731,0.8878746628761292,0.0,deepL_translate
deepL,arabic,flood,,0.897119341563786,0.7892561983471074,0.786008230452675,37.54245861940197,0.9972065687179564,0.9964475631713868,0.9968268871307372,0.0,deepL_translate
deepL,arabic,extreme_wind,,0.9428172942817294,0.8671328671328672,0.8368200836820083,58.96877432383431,0.9822041392326356,0.9893081188201904,0.985743284225464,0.0,deepL_translate
deepL,arabic,fire,,0.9462555066079296,0.8879082082965579,0.881057268722467,67.79149835765841,0.9762393236160278,0.9766289591789246,0.9764341711997986,0.0,deepL_translate
deepL,arabic,boil_water_notice,,0.9461486025903204,0.8928327645051194,0.8602590320381731,64.25967723822849,0.992289900779724,0.992611050605774,0.992450475692749,0.0,deepL_translate
deepL,arabic,911_outage,,0.9453471196454948,0.8681481481481481,0.8419497784342688,60.61705764319482,0.9594255089759828,0.9559069871902466,0.9576629400253296,0.0,deepL_translate
deepL,chinese_traditional,flood,,0.7194244604316545,0.4492753623188406,0.5611510791366906,7.9158166093450415,0.7842950820922852,0.8109882473945618,0.7974183559417725,0.0,deepL_translate
deepL,chinese_traditional,extreme_wind,,0.8491620111731844,0.7191011235955056,0.7430167597765365,36.000323576990546,0.8456804752349854,0.8404068946838379,0.8430354595184326,0.0,deepL_translate
deepL,chinese_traditional,fire,,0.7761194029850745,0.5805243445692884,0.7313432835820896,26.65881949802464,0.8938140273094177,0.8902525901794434,0.8920297622680664,0.0,deepL_translate
deepL,chinese_traditional,boil_water_notice,,0.8141891891891891,0.6372881355932203,0.7229729729729729,27.88041000861786,0.8808144330978394,0.8750330209732056,0.8779141902923584,0.0,deepL_translate
deepL,chinese_traditional,911_outage,,0.767741935483871,0.5584415584415585,0.6903225806451613,20.74581734664248,0.8714854717254639,0.8583014607429504,0.8648432493209839,0.0,deepL_translate
deepseek,spanish,flood,prompt_simple.txt,0.7827587568670012,0.5089056559151152,0.4443895474371831,0.6113433556657305,0.7022313475608826,0.7138597965240479,0.7079977989196777,0.0,deepseek
deepseek,spanish,flood,prompt_persona.txt,0.7981956295415807,0.5703342803806006,0.464186494823577,8.411339915903541,0.7558492422103882,0.7438538074493408,0.7498035430908203,0.0,deepseek
deepseek,spanish,flood,prompt_one_shot.txt,0.8404391491162525,0.6256006275675092,0.5118114789055379,15.518224963380588,0.7285805940628052,0.7460550665855408,0.7372142672538757,0.0,deepseek
deepseek,spanish,flood,prompt_cross_lingual_alignment.txt,0.714828921272296,0.5022023603977049,0.4539072588349654,10.35756130663499,0.7459923028945923,0.7101908922195435,0.7276515364646912,0.0,deepseek
deepseek,spanish,flood,prompt_chain_of_translation.txt,0.789038204767196,0.5595232781135309,0.4487644462780382,7.324403767426653,0.7266398668289185,0.7283106446266174,0.7274742722511292,0.0,deepseek
deepseek,spanish,flood,translate_flood.txt,0.9230653621084424,0.8351144056893041,0.8356371319734195,58.273636546911824,0.9112765789031982,0.9205601215362548,0.9158948659896852,0.0,deepseek
deepseek,spanish,extreme_wind,prompt_simple.txt,0.7768425694052331,0.5366858603519408,0.453381169350936,5.093653443257459,0.6967684030532837,0.7055158615112305,0.7011148929595947,0.0,deepseek
deepseek,spanish,extreme_wind,prompt_persona.txt,0.6356173077160511,0.4774883733159513,0.4338841653054059,6.778297306061946,0.7192180752754211,0.682935357093811,0.7006072998046875,0.0,deepseek
deepseek,spanish,extreme_wind,prompt_one_shot.txt,0.8177156817132271,0.614860746685404,0.5232418685840935,15.232093014457725,0.7404229640960693,0.7174173593521118,0.7287386655807495,0.0,deepseek
deepseek,spanish,extreme_wind,prompt_cross_lingual_alignment.txt,0.6262164673811748,0.4557648126832667,0.3864007768882451,5.340008950237508,0.7272331118583679,0.6938821077346802,0.710166335105896,0.0,deepseek
deepseek,spanish,extreme_wind,prompt_chain_of_translation.txt,0.6523593403199446,0.4729670572853254,0.4233646558998324,7.123834282950163,0.7081170082092285,0.6834213733673096,0.6955500841140747,0.0,deepseek
deepseek,spanish,extreme_wind,translate_extreme_wind.txt,0.9307339226489536,0.8280558782069768,0.7874954353456938,49.97564336465504,0.9111415147781372,0.9084574580192566,0.9097974896430968,0.0,deepseek
deepseek,spanish,fire,prompt_simple.txt,0.5589628914927462,0.4528584041786457,0.4057151487752641,2.3688474529014933,0.7608871459960938,0.6853394508361816,0.7211400270462036,0.0,deepseek
deepseek,spanish,fire,prompt_persona.txt,0.5516658855083383,0.4599500041050214,0.3791619232445705,4.873392040388471,0.7514709830284119,0.7016867399215698,0.7257260680198669,0.0,deepseek
deepseek,spanish,fire,prompt_one_shot.txt,0.6547018726799994,0.5464669878720165,0.4319067004739845,7.813876335056575,0.7606823444366455,0.7249463200569153,0.7423846125602722,0.0,deepseek
deepseek,spanish,fire,prompt_cross_lingual_alignment.txt,0.5481510883590881,0.4580606373867737,0.3650716784564652,4.787787747001431,0.7440211772918701,0.6929339170455933,0.7175694108009338,0.0,deepseek
deepseek,spanish,fire,prompt_chain_of_translation.txt,0.5350822127885883,0.4591600909156103,0.3734458410910164,4.908947975613983,0.7588232755661011,0.6953728199005127,0.7257137894630432,0.0,deepseek
deepseek,spanish,fire,translate_fire.txt,0.9645306721571067,0.8763368950800896,0.8418625556105561,59.16189537852167,0.916313648223877,0.9220426082611084,0.9191691875457764,0.0,deepseek
deepseek,spanish,boil_water_notice,prompt_simple.txt,0.7876818943634979,0.6083662421224748,0.4838558599323413,7.433580516041497,0.7507708668708801,0.7219557762145996,0.7360814809799194,0.0,deepseek
deepseek,spanish,boil_water_notice,prompt_persona.txt,0.548930645794044,0.4471819993489705,0.3832862172371759,4.493757016076224,0.7698334455490112,0.711336076259613,0.7394295930862427,0.0,deepseek
deepseek,spanish,boil_water_notice,prompt_one_shot.txt,0.6307630618383848,0.5293271382598747,0.434725244031856,8.802875492543892,0.7992433309555054,0.7341132164001465,0.7652950286865234,0.0,deepseek
deepseek,spanish,boil_water_notice,prompt_cross_lingual_alignment.txt,0.51645269119399,0.4370223427806615,0.3633009677088203,4.415721517010229,0.7581099271774292,0.7031090259552002,0.7295743227005005,0.0,deepseek
deepseek,spanish,boil_water_notice,prompt_chain_of_translation.txt,0.5991981245502812,0.4899393283548055,0.403104857269051,5.6669374059576905,0.7828727960586548,0.7300400733947754,0.7555339336395264,0.0,deepseek
deepseek,spanish,boil_water_notice,translate_boil_water_notice.txt,0.9207020306496296,0.8252168471056053,0.7271055106732179,41.57100916342024,0.852226734161377,0.8716916441917419,0.8618492484092712,0.0,deepseek
deepseek,spanish,911_outage,prompt_simple.txt,0.7514934151157611,0.6011437698569008,0.5138627579836577,8.416850519138345,0.6997105479240417,0.7420980930328369,0.720281183719635,0.0,deepseek
deepseek,spanish,911_outage,prompt_persona.txt,0.7761377957610947,0.5827961268247531,0.4675633488949479,9.378100900405755,0.7705125212669373,0.7286028861999512,0.7489718794822693,0.0,deepseek
deepseek,spanish,911_outage,prompt_one_shot.txt,0.8027993636351387,0.6091157033319327,0.4993746174564835,12.280773818288,0.806368350982666,0.7488843202590942,0.7765639424324036,0.0,deepseek
deepseek,spanish,911_outage,prompt_cross_lingual_alignment.txt,0.7328781035041176,0.5344295017279524,0.4373618787452369,6.1622731474251,0.7412633895874023,0.7026163339614868,0.7214226722717285,0.0,deepseek
deepseek,spanish,911_outage,prompt_chain_of_translation.txt,0.797316406807013,0.597459989230323,0.486646507458195,10.2322846921341,0.7389430999755859,0.7240240573883057,0.7314075231552124,0.0,deepseek
deepseek,spanish,911_outage,translate_911_outage.txt,0.9018852417662796,0.8117029415058973,0.774822739444643,43.94800576203975,0.8743077516555786,0.8616422414779663,0.8679288029670715,0.0,deepseek
deepseek,haitian_creole,flood,prompt_simple.txt,0.66547441804596,0.4977419338558823,0.4538465577977273,2.9694910252650133,0.6837726831436157,0.6815163493156433,0.6826426982879639,0.0,deepseek
deepseek,haitian_creole,flood,translate_flood.txt,0.9094725412570552,0.8005484957952401,0.7888344821552306,43.47250249326866,0.8998034000396729,0.8932663798332214,0.8965229392051697,0.0,deepseek
deepseek,haitian_creole,extreme_wind,prompt_simple.txt,0.802775678024308,0.5817247706478816,0.4787417762017213,1.4516413677665077,0.6953834891319275,0.6948730945587158,0.6951282024383545,0.0,deepseek
deepseek,haitian_creole,extreme_wind,translate_extreme_wind.txt,0.8683347012202661,0.7279203104509582,0.6865439841754102,35.4310499877003,0.7758432626724243,0.7971352934837341,0.7863452434539795,0.0,deepseek
deepseek,haitian_creole,fire,prompt_simple.txt,0.6774401298705717,0.5406898703037154,0.4399544354993537,4.301841710939424,0.7414919137954712,0.7011887431144714,0.7207773923873901,0.0,deepseek
deepseek,haitian_creole,fire,translate_fire.txt,0.9598830921374732,0.9211591798383708,0.8821834428808646,72.42820362468275,0.9506224393844604,0.951113760471344,0.9508680105209352,0.0,deepseek
deepseek,haitian_creole,boil_water_notice,prompt_simple.txt,0.8197245591740427,0.6496428466976369,0.4948670947524353,6.4162082964000815,0.7155367136001587,0.7182120680809021,0.7168718576431274,0.0,deepseek
deepseek,haitian_creole,boil_water_notice,translate_boil_water_notice.txt,0.9094519317062916,0.8302075906826973,0.750336867514472,46.78130604145147,0.8795347809791565,0.8791289925575256,0.8793318271636963,0.0,deepseek
deepseek,haitian_creole,911_outage,prompt_simple.txt,0.678992459550062,0.5104027146004295,0.4366338589920239,3.154290112633837,0.662280797958374,0.6655389070510864,0.6639058589935303,0.0,deepseek
deepseek,haitian_creole,911_outage,translate_911_outage.txt,0.9259871040873168,0.8587035205109051,0.8787838139950817,62.76138411020057,0.8866705894470215,0.8935410380363464,0.8900925517082214,0.0,deepseek
deepseek,vietnamese,flood,prompt_simple.txt,0.6354543087646454,0.4368982719258428,0.4338429368719643,4.57463953249631,0.6735537052154541,0.7051355242729187,0.6889828443527222,0.0,deepseek
deepseek,vietnamese,flood,translate_flood.txt,0.921380142997084,0.8493979250811187,0.8537089907764871,66.00822670444835,0.9024229049682616,0.9090996980667114,0.905748963356018,0.0,deepseek
deepseek,vietnamese,extreme_wind,prompt_simple.txt,0.7371247921585926,0.5259029310188527,0.4742608140054948,4.833396779176799,0.7149742841720581,0.7269278168678284,0.7209014296531677,0.0,deepseek
deepseek,vietnamese,extreme_wind,translate_extreme_wind.txt,0.8956726798138014,0.8161132530892548,0.7333362954614925,38.12091512174183,0.8311353325843811,0.8445212244987488,0.8377748131752014,0.0,deepseek
deepseek,vietnamese,fire,prompt_simple.txt,0.6502984688708076,0.4721673600450145,0.4369021506808444,1.9344630907802969,0.7184159159660339,0.6948212385177612,0.7064216136932373,0.0,deepseek
deepseek,vietnamese,fire,translate_fire.txt,0.9198475787131876,0.8308139992600084,0.7875940483193429,47.00994465659373,0.9109506011009216,0.920801877975464,0.9158496856689452,0.0,deepseek
deepseek,vietnamese,boil_water_notice,prompt_simple.txt,0.8131948397346225,0.6100091531372479,0.48900883094562,7.368132085427254,0.7051081657409668,0.7400792837142944,0.7221705913543701,0.0,deepseek
deepseek,vietnamese,boil_water_notice,translate_boil_water_notice.txt,0.887496182968,0.8470344809487707,0.7947041597884577,49.3330327363594,0.8631949424743652,0.8911964297294617,0.8769721984863281,0.0,deepseek
deepseek,vietnamese,911_outage,prompt_simple.txt,0.7483487892049296,0.589282265897668,0.4862374460653935,11.259569736726068,0.7759010791778564,0.750537633895874,0.7630086541175842,0.0,deepseek
deepseek,vietnamese,911_outage,translate_911_outage.txt,0.902301617001842,0.8324548363998299,0.7233973152571795,46.39991955827428,0.8776541948318481,0.8886854648590088,0.8831353783607483,0.0,deepseek
deepseek,arabic,flood,prompt_simple.txt,0.7463569506339492,0.5408356858171974,0.470661407117266,4.715062230264826,0.9129449725151062,0.8186333179473877,0.8632206916809082,0.0,deepseek
deepseek,arabic,flood,prompt_persona.txt,0.8251610952881089,0.6655593932156495,0.53965230268147,14.412813333274364,0.9215410947799684,0.9061682224273682,0.9137900471687316,0.0,deepseek
deepseek,arabic,flood,prompt_one_shot.txt,0.848153365804601,0.6852680195931506,0.5415461567830345,21.376067796478463,0.90122652053833,0.897316038608551,0.8992670774459839,0.0,deepseek
deepseek,arabic,flood,prompt_cross_lingual_alignment.txt,0.821682546293508,0.6545137167584847,0.5218093611128314,12.044067980162028,0.9268693327903748,0.9093554615974426,0.9180288314819336,0.0,deepseek
deepseek,arabic,flood,prompt_chain_of_translation.txt,0.8300973993050219,0.6686496420174982,0.5139807996104147,11.371827710290484,0.9232391119003296,0.9065203666687012,0.9148033261299132,0.0,deepseek
deepseek,arabic,flood,translate_flood.txt,0.9208949917772372,0.807628940899008,0.8015788891509701,53.13064905531813,0.9354606866836548,0.969054877758026,0.9519615173339844,0.0,deepseek
deepseek,arabic,extreme_wind,prompt_simple.txt,0.8058118838266015,0.6255982772261838,0.509537652826636,6.954464000223087,0.912453591823578,0.8231812119483948,0.8655215501785278,0.0,deepseek
deepseek,arabic,extreme_wind,prompt_persona.txt,0.6804196221977803,0.570844559490867,0.4913418785867719,9.878503326971035,0.914450466632843,0.9012457132339478,0.907800018787384,0.0,deepseek
deepseek,arabic,extreme_wind,prompt_one_shot.txt,0.8599713474733093,0.7152284803826677,0.5454994554503351,18.518155592641715,0.9419187307357788,0.9171159267425536,0.9293518662452698,0.0,deepseek
deepseek,arabic,extreme_wind,prompt_cross_lingual_alignment.txt,0.686303287976396,0.5759329453382954,0.4953931175559688,9.424549794694114,0.9078937768936156,0.8935906887054443,0.9006854891777039,0.0,deepseek
deepseek,arabic,extreme_wind,prompt_chain_of_translation.txt,0.6933516142872861,0.5871911273768656,0.5092257026561475,10.648236477846812,0.9292824268341064,0.9033269882202148,0.9161208868026732,0.0,deepseek
deepseek,arabic,extreme_wind,translate_extreme_wind.txt,0.9334871955129784,0.8522446522502826,0.8069476755685365,53.70670296894912,0.98064923286438,0.9754757881164552,0.9780556559562684,0.0,deepseek
deepseek,arabic,fire,prompt_simple.txt,0.5035762298895191,0.4211353387019449,0.3920060297350019,1.8886523554847747,0.882835865020752,0.8054994344711304,0.8423963785171509,0.0,deepseek
deepseek,arabic,fire,prompt_persona.txt,0.5346230913982327,0.4601049296533223,0.4043636096306841,4.861457314852624,0.9048885703086852,0.8994790315628052,0.9021757245063782,0.0,deepseek
deepseek,arabic,fire,prompt_one_shot.txt,0.5977761088296354,0.531343877523201,0.4535277900107862,6.573698671613633,0.9143360257148744,0.9073317050933838,0.9108204245567322,0.0,deepseek
deepseek,arabic,fire,prompt_cross_lingual_alignment.txt,0.5196640293473526,0.4528712383875544,0.4010323734028785,4.14914660572132,0.8759223818778992,0.8722348213195801,0.8740746974945068,0.0,deepseek
deepseek,arabic,fire,prompt_chain_of_translation.txt,0.5309134089465081,0.4611265934395208,0.4122040786900082,4.847181941748244,0.9101016521453856,0.901552140712738,0.9058066606521606,0.0,deepseek
deepseek,arabic,fire,translate_fire.txt,0.9208595481650924,0.8352573437536304,0.792877172708196,52.83546285829365,0.9146134257316588,0.8629777431488037,0.888045608997345,0.0,deepseek
deepseek,arabic,boil_water_notice,prompt_simple.txt,0.6288309334505253,0.5374563699722318,0.4488110927989561,4.942181625824481,0.8269071578979492,0.7746700048446655,0.7999367117881775,0.0,deepseek
deepseek,arabic,boil_water_notice,prompt_one_shot.txt,0.5831123253841003,0.5218815573719485,0.4299463997510879,6.398540750105914,0.8509340286254883,0.8304362297058105,0.8405601978302002,0.0,deepseek
deepseek,arabic,boil_water_notice,prompt_cross_lingual_alignment.txt,0.4593781344032096,0.4040201005025125,0.3450351053159478,2.8724078027807303,0.8332869410514832,0.816094696521759,0.8246012330055237,0.0,deepseek
deepseek,arabic,boil_water_notice,prompt_chain_of_translation.txt,0.5509644869228543,0.4838447924617813,0.3922055799041158,4.814402352834824,0.8292421698570251,0.8070463538169861,0.8179937601089478,0.0,deepseek
deepseek,arabic,boil_water_notice,translate_boil_water_notice.txt,0.9395602356702928,0.8620829875275311,0.8110078347903034,57.29792346970636,0.9555297493934632,0.9231904745101928,0.9390817880630492,0.0,deepseek
deepseek,arabic,911_outage,prompt_simple.txt,0.7557092739343537,0.6044309404990192,0.5250753362901653,16.642943435705273,0.7964183688163757,0.7791925668716431,0.7877113223075867,0.0,deepseek
deepseek,arabic,911_outage,translate_911_outage.txt,0.9040614720449632,0.8118902173563078,0.8111571448922703,58.76238855565033,0.9511703848838806,0.9494154453277588,0.9502920508384703,0.0,deepseek
deepseek,chinese_traditional,flood,prompt_simple.txt,0.4905337870142678,0.2700168184197441,0.3964290902897106,2.50006670215364,0.6143797636032104,0.653026282787323,0.6331138610839844,0.0,deepseek
deepseek,chinese_traditional,flood,translate_flood.txt,0.8096794032993971,0.6952038946326877,0.6803285048636412,38.74395193870762,0.8375403881072998,0.8727507591247559,0.8547831177711487,0.0,deepseek
deepseek,chinese_traditional,extreme_wind,prompt_simple.txt,0.4847007721940917,0.1784594445974292,0.4201268332545583,0.4829001427883151,0.5969448685646057,0.6477147936820984,0.621294379234314,0.0,deepseek
deepseek,chinese_traditional,extreme_wind,translate_extreme_wind.txt,0.6984831189241134,0.4511484384857899,0.6161795636767262,13.531414257519852,0.8312206864356995,0.8457818627357483,0.8384380340576172,0.0,deepseek
deepseek,chinese_traditional,fire,prompt_simple.txt,0.4521175107292191,0.2582794890002017,0.38094598643397,2.122363685910271,0.699489176273346,0.6048222780227661,0.6487202644348145,0.0,deepseek
deepseek,chinese_traditional,fire,translate_fire.txt,0.8512759174771878,0.7567479479506135,0.7969708962141804,48.17996660011963,0.8888380527496338,0.8838051557540894,0.8863144516944885,0.0,deepseek
deepseek,chinese_traditional,boil_water_notice,prompt_simple.txt,0.5662618631060207,0.344466039512498,0.4513183822574592,3.014635383967651,0.6428229212760925,0.6196425557136536,0.6310199499130249,0.0,deepseek
deepseek,chinese_traditional,boil_water_notice,translate_boil_water_notice.txt,0.8198009427529802,0.681402002439343,0.7328831968997717,38.72400884072306,0.8798772096633911,0.8836666345596313,0.8817678689956665,0.0,deepseek
deepseek,chinese_traditional,911_outage,prompt_simple.txt,0.6278393844234529,0.3679521065007136,0.4969959585475932,11.750285995768598,0.7164376974105835,0.7152160406112671,0.7158263325691223,0.0,deepseek
deepseek,chinese_traditional,911_outage,translate_911_outage.txt,0.8526808102636879,0.7424666235761946,0.7589888689581468,47.09115501790821,0.8858489990234375,0.8910379409790039,0.8884359002113342,0.0,deepseek
chatgpt,spanish,flood,prompt_simple.txt,0.7963211141768494,0.5404522234969027,0.4798329648734954,4.975777178531371,0.7000369429588318,0.7297285795211792,0.7145744562149048,0.0,chatgpt
chatgpt,spanish,flood,translate_flood.txt,0.950459188869885,0.8982940135092189,0.9161895504422932,74.85798578179272,0.9541397094726562,0.9656124711036682,0.9598418474197388,0.0,chatgpt
chatgpt,spanish,extreme_wind,prompt_simple.txt,0.7272721577373729,0.5291837660908575,0.4513871187646319,1.1445149799326968,0.6918903589248657,0.6756036281585693,0.683650016784668,0.0,chatgpt
chatgpt,spanish,extreme_wind,translate_extreme_wind.txt,0.9336187052414456,0.8557114270821768,0.8243356779201931,59.78576576589649,0.9331167340278624,0.9329211711883544,0.9330189824104308,0.0,chatgpt
chatgpt,spanish,fire,prompt_simple.txt,0.5735527271167904,0.4567358612883015,0.3896166300369552,2.0610361003874837,0.7475820183753967,0.7013320922851562,0.7237189412117004,0.0,chatgpt
chatgpt,spanish,fire,translate_fire.txt,0.9667913960708808,0.8872858400927262,0.8545556258314203,60.46879080170293,0.9244657754898072,0.927948832511902,0.9262040257453918,0.0,chatgpt
chatgpt,spanish,boil_water_notice,prompt_simple.txt,0.6358028513250925,0.514899774113933,0.437314936103911,3.654793897053227,0.7276642322540283,0.7059986591339111,0.7166677713394165,0.0,chatgpt
chatgpt,spanish,boil_water_notice,translate_boil_water_notice.txt,0.9132835259882656,0.8241305119761393,0.7148394774583097,39.82300491741212,0.8539755344390869,0.8679810762405396,0.860921323299408,0.0,chatgpt
chatgpt,spanish,911_outage,prompt_simple.txt,0.7449007735786394,0.5174224124067581,0.4431554813699647,4.939044002022103,0.7412267327308655,0.6516622304916382,0.6935648918151855,0.0,chatgpt
chatgpt,spanish,911_outage,translate_911_outage.txt,0.911880152508734,0.8535361837467175,0.7917333557492663,52.37033867933088,0.9252197742462158,0.9316964149475098,0.9284468293190002,0.0,chatgpt
chatgpt,haitian_creole,flood,prompt_simple.txt,0.7245036327769435,0.5069336678160642,0.4534964770531682,1.9372622055215607,0.7299576997756958,0.7034715414047241,0.7164698839187622,0.0,chatgpt
chatgpt,haitian_creole,flood,translate_flood.txt,0.9301047174845414,0.8770608787375458,0.8712034447195707,62.94844492905168,0.9161632657051086,0.8874129056930542,0.9015588760375975,0.0,chatgpt
chatgpt,haitian_creole,extreme_wind,prompt_simple.txt,0.7015053553240345,0.5314176197674927,0.458883583849101,5.401417010569504,0.708722710609436,0.7033243179321289,0.7060132026672363,0.0,chatgpt
chatgpt,haitian_creole,extreme_wind,translate_extreme_wind.txt,0.8634536765167191,0.7289682080566158,0.6690402461580085,35.75508646202707,0.8598192930221558,0.8622540235519409,0.8610349297523499,0.0,chatgpt
chatgpt,haitian_creole,fire,prompt_simple.txt,0.4103107973052226,0.3227923627684964,0.3127088067377543,0.4615482655483311,0.7297258377075195,0.6551283597946167,0.6904179453849792,0.0,chatgpt
chatgpt,haitian_creole,fire,translate_fire.txt,0.9540584419620488,0.9048290384155704,0.8640743732509617,68.17206190239499,0.91480553150177,0.9185670614242554,0.9166824221611024,0.0,chatgpt
chatgpt,haitian_creole,boil_water_notice,prompt_simple.txt,0.6256755777314142,0.5417452222045877,0.4354541057238282,4.74852762813005,0.7520151734352112,0.6823378205299377,0.7154841423034668,0.0,chatgpt
chatgpt,haitian_creole,boil_water_notice,translate_boil_water_notice.txt,0.9083955892691028,0.8455134263893893,0.7781022683798213,50.39583193626257,0.9073603749275208,0.904159426689148,0.9057570695877076,0.0,chatgpt
chatgpt,haitian_creole,911_outage,prompt_simple.txt,0.7257192794452499,0.5746641890047546,0.454932098654193,3.7140456903355954,0.7392146587371826,0.6620128154754639,0.6984869837760925,0.0,chatgpt
chatgpt,haitian_creole,911_outage,translate_911_outage.txt,0.9118212067112862,0.8511842633998196,0.8827317750104259,60.89084479608034,0.931169867515564,0.9018855094909668,0.916293740272522,0.0,chatgpt
chatgpt,vietnamese,flood,prompt_simple.txt,0.7488261958615101,0.5476911844803368,0.4683587631690796,4.31634915916891,0.6843279600143433,0.6371558904647827,0.6599000096321106,0.0,chatgpt
chatgpt,vietnamese,flood,translate_flood.txt,0.9428279809724532,0.8815964131296686,0.8693468197173543,66.94205117285885,0.9464706778526306,0.9511303901672364,0.9487947821617126,0.0,chatgpt
chatgpt,vietnamese,extreme_wind,prompt_simple.txt,0.7396634046445326,0.5586539302763123,0.4664759283418008,2.4046006759587835,0.7307015657424927,0.6864003539085388,0.7078585624694824,0.0,chatgpt
chatgpt,vietnamese,extreme_wind,translate_extreme_wind.txt,0.8959935658053275,0.8057962759207467,0.7396421430616671,36.52902481486728,0.8249974250793457,0.8347584009170532,0.8298492431640625,0.0,chatgpt
chatgpt,vietnamese,fire,prompt_simple.txt,0.4359043546920148,0.3409059487787664,0.3219154183990287,0.286519559537443,0.6881241202354431,0.6262792944908142,0.6557467579841614,0.0,chatgpt
chatgpt,vietnamese,fire,translate_fire.txt,0.9121567441639848,0.843268764341609,0.7898983407379291,46.3755273958809,0.8940157890319824,0.9086838960647584,0.9012901782989502,0.0,chatgpt
chatgpt,vietnamese,boil_water_notice,prompt_simple.txt,0.6693161156030898,0.5476913867588022,0.4458928796954498,5.513394217897591,0.7546162605285645,0.6967959403991699,0.7245543599128723,0.0,chatgpt
chatgpt,vietnamese,boil_water_notice,translate_boil_water_notice.txt,0.8652206055768271,0.8292862019745952,0.7757043720532241,46.07888095146002,0.8767198920249939,0.8995280265808105,0.8879774808883667,0.0,chatgpt
chatgpt,vietnamese,911_outage,prompt_simple.txt,0.7427235627140769,0.6007704066505127,0.4518080589432956,5.724787988968064,0.7487943172454834,0.659637451171875,0.7013939619064331,0.0,chatgpt
chatgpt,vietnamese,911_outage,translate_911_outage.txt,0.916066119872178,0.8813857024548494,0.8015733005430146,58.25599342566058,0.9369468688964844,0.936964213848114,0.9369555115699768,0.0,chatgpt
chatgpt,arabic,flood,prompt_simple.txt,0.8134504747367792,0.6004613876667804,0.4801412497147505,2.392579524313409,0.9158809185028076,0.8045465350151062,0.8566112518310547,0.0,chatgpt
chatgpt,arabic,flood,translate_flood.txt,0.917825416460621,0.8136613710419631,0.806308531857547,54.83590775091894,0.9809175729751588,0.95871901512146,0.969691276550293,0.0,chatgpt
chatgpt,arabic,extreme_wind,prompt_simple.txt,0.7583225060741434,0.5903394915084232,0.5075656412000938,6.790776994213835,0.9173153638839722,0.8139134645462036,0.8625264763832092,0.0,chatgpt
chatgpt,arabic,extreme_wind,translate_extreme_wind.txt,0.934061383161912,0.8677612893994787,0.8444307605854918,64.43425434581935,0.972400426864624,0.9510841965675354,0.9616242051124572,0.0,chatgpt
chatgpt,arabic,fire,prompt_simple.txt,0.4829989707649694,0.3999332069645686,0.3783030231508802,2.077529736704673,0.8970327377319336,0.8161841630935669,0.8547008037567139,0.0,chatgpt
chatgpt,arabic,fire,translate_fire.txt,0.9384373178910512,0.8620588224556552,0.8207563400735076,59.35471907756764,0.9564351439476012,0.9431620240211488,0.9497522115707396,0.0,chatgpt
chatgpt,arabic,boil_water_notice,prompt_simple.txt,0.5972457582757454,0.5240543735397845,0.4399592732046445,4.875726926150031,0.8145285844802856,0.7665283679962158,0.7897998094558716,0.0,chatgpt
chatgpt,arabic,boil_water_notice,translate_boil_water_notice.txt,0.9441923527757444,0.8688551415200287,0.808688464431642,57.83561817266256,0.9820150136947632,0.9754534363746644,0.9787232279777528,0.0,chatgpt
chatgpt,arabic,911_outage,prompt_simple.txt,0.754698414206319,0.6336314183679569,0.5145374126606246,16.251450823143266,0.8682429790496826,0.7575662136077881,0.8091374635696411,0.0,chatgpt
chatgpt,arabic,911_outage,translate_911_outage.txt,0.920457086851878,0.8169764747971863,0.7843494573374261,48.69052907149465,0.9479972124099731,0.9220314025878906,0.9348340630531312,0.0,chatgpt
chatgpt,chinese_traditional,flood,prompt_simple.txt,0.558676106667533,0.2606690110334498,0.4586497987697605,3.1409238793134,0.6649879217147827,0.6218177676200867,0.6426787376403809,0.0,chatgpt
chatgpt,chinese_traditional,flood,translate_flood.txt,0.8467018500219311,0.7284863385805982,0.7530743179806294,41.79474932836481,0.8737016916275024,0.8673474192619324,0.8705129623413086,0.0,chatgpt
chatgpt,chinese_traditional,extreme_wind,prompt_simple.txt,0.4619041052224431,0.1945466878472782,0.4031457458515093,0.5423257442034832,0.6914907693862915,0.632649302482605,0.6607626676559448,0.0,chatgpt
chatgpt,chinese_traditional,extreme_wind,translate_extreme_wind.txt,0.7691654892692145,0.5485404392221953,0.6642540611279804,17.092081973796255,0.8430478572845459,0.8440464735031128,0.8435468673706055,0.0,chatgpt
chatgpt,chinese_traditional,fire,prompt_simple.txt,0.3414496564461348,0.2029198250468168,0.3026838989263177,0.8709564306300934,0.6862959861755371,0.5943795442581177,0.6370392441749573,0.0,chatgpt
chatgpt,chinese_traditional,fire,translate_fire.txt,0.8754377296238068,0.7818950654153642,0.8294373004643608,52.12333328871135,0.9058358669281006,0.9096509218215942,0.9077394008636476,0.0,chatgpt
chatgpt,chinese_traditional,boil_water_notice,prompt_simple.txt,0.4956782268907488,0.325799557812669,0.4188432629574536,4.224093691251211,0.697013258934021,0.6748688220977783,0.685762345790863,0.0,chatgpt
chatgpt,chinese_traditional,boil_water_notice,translate_boil_water_notice.txt,0.8765187668866691,0.7742178683731258,0.7925065834432473,51.44849189401454,0.8979604840278625,0.8878985643386841,0.8929011821746826,0.0,chatgpt
chatgpt,chinese_traditional,911_outage,prompt_simple.txt,0.6199004886886175,0.3985396715407484,0.5097304446820077,9.063782146389158,0.7271180748939514,0.7053130865097046,0.7160495519638062,0.0,chatgpt
chatgpt,chinese_traditional,911_outage,translate_911_outage.txt,0.886705118961788,0.8209993897330341,0.8151944549349018,56.66244820958068,0.909494400024414,0.8971264362335205,0.9032680988311768,0.0,chatgpt
google_translate,spanish,flood,,0.9579288025889968,0.8928571428571427,0.9223300970873788,70.69739066119807,0.9453177452087402,0.9443961381912231,0.9448567032814026,0.8638726472854614,google_translate
google_translate,spanish,extreme_wind,,0.9184845005740528,0.803222094361335,0.7921928817451206,41.73234341140461,0.9018213748931884,0.9029154777526855,0.9023680686950684,0.8070170283317566,google_translate
google_translate,spanish,fire,,0.9395973154362416,0.8504201680672271,0.8137583892617449,45.03470873281717,0.8544436097145081,0.8682299256324768,0.8612816333770752,0.8534403443336487,google_translate
google_translate,spanish,boil_water_notice,,0.9421742482652274,0.8416988416988417,0.7417116422513493,48.0307562859425,0.8673774003982544,0.8676780462265015,0.8675276637077332,0.7933087944984436,google_translate
google_translate,spanish,911_outage,,0.9246088193456616,0.8302425106990013,0.7681365576102418,42.69075997593945,0.9005846977233887,0.8936771154403687,0.8971176147460938,0.8726544976234436,google_translate
google_translate,haitian_creole,flood,,0.947935368043088,0.9045045045045044,0.8725314183123877,63.88458571027189,0.9325501322746276,0.9235195517539978,0.9280129075050354,0.6806356310844421,google_translate
google_translate,haitian_creole,extreme_wind,,0.8548812664907653,0.7301587301587302,0.7097625329815304,32.241516318627795,0.8261544704437256,0.8233071565628052,0.8247283697128296,0.6178832650184631,google_translate
google_translate,haitian_creole,fire,,0.9589552238805972,0.930841121495327,0.9011194029850744,74.59561614356902,0.9399257898330688,0.93359375,0.9367490410804749,0.7294338345527649,google_translate
google_translate,haitian_creole,boil_water_notice,,0.9214574898785424,0.8580697485806975,0.7870445344129555,57.44588281467497,0.9009875059127808,0.899659276008606,0.9003228545188904,0.7446348071098328,google_translate
google_translate,haitian_creole,911_outage,,0.8929219600725952,0.8342440801457195,0.863883847549909,57.16925446689436,0.9176202416419984,0.8875758647918701,0.9023481011390686,0.7489743232727051,google_translate
google_translate,vietnamese,flood,,0.8884822280055534,0.8225262634866551,0.8276906687972302,55.9381261480555,0.9109337329864502,0.9193875789642334,0.9151411652565002,0.856748620669047,google_translate
google_translate,vietnamese,extreme_wind,,0.9062188209706812,0.8250146018003162,0.7564825675176207,38.129177217423376,0.89518141746521,0.8935062885284424,0.8943430781364441,0.8335693180561066,google_translate
google_translate,vietnamese,fire,,0.8872361748523385,0.8256037811594107,0.7691589693782447,38.82045840646106,0.8208377361297607,0.8501701354980469,0.8352465033531189,0.8668923576672872,google_translate
google_translate,vietnamese,boil_water_notice,,0.8628221741182109,0.8240861000622344,0.7833876376020233,43.284765394334734,0.8693090081214905,0.8973592519760132,0.8831114172935486,0.8485652903715769,google_translate
google_translate,vietnamese,911_outage,,0.9208257662672628,0.8804644242851026,0.7720748252072047,50.17464870445866,0.9269660711288452,0.9373255372047424,0.9321169853210448,0.8876025478045145,google_translate
google_translate,arabic,flood,,0.9214876033057852,0.8547717842323653,0.8429752066115702,61.32314554305675,0.996897518634796,0.996834397315979,0.9968659281730652,0.6916773915290833,google_translate
google_translate,arabic,extreme_wind,,0.9262988553638186,0.8349137604852465,0.8179721768920061,53.68570945648005,0.9989738464355468,0.9987301230430604,0.9988519549369812,0.6674235761165619,google_translate
google_translate,arabic,fire,,0.9120580235720762,0.846503178928247,0.8322756119673619,54.34382910624154,0.967574417591095,0.970160186290741,0.9688655734062196,0.7254160046577454,google_translate
google_translate,arabic,boil_water_notice,,0.942628903413217,0.8596363636363636,0.7770515613652869,54.36377223908345,0.973270058631897,0.9808892011642456,0.9770647287368774,0.7378862500190735,google_translate
google_translate,arabic,911_outage,,0.9494640122511484,0.8755760368663594,0.7840735068912711,57.1997575043616,0.9113190770149232,0.85744708776474,0.8835626840591431,0.7239741683006287,google_translate
google_translate,chinese_traditional,flood,,0.8251544892766267,0.7007179487179487,0.720323922613999,42.638078842942,0.8801374435424805,0.8620977997779846,0.8710242509841919,0.8539346953233083,google_translate
google_translate,chinese_traditional,extreme_wind,,0.7596014034834315,0.5282883822634575,0.6876247306780293,20.288980973257736,0.8684183359146118,0.868347704410553,0.86838299036026,0.818318506081899,google_translate
google_translate,chinese_traditional,fire,,0.8961512236473537,0.8179117640233007,0.8631919873212444,64.19555433326148,0.9390538334846495,0.9245808124542236,0.9317612051963806,0.8944111665089926,google_translate
google_translate,chinese_traditional,boil_water_notice,,0.8974136371857478,0.8183988991419783,0.8151745342738289,58.68181902511145,0.9210284948349,0.9062485694885254,0.9135787487030028,0.8781903882821401,google_translate
google_translate,chinese_traditional,911_outage,,0.860727969348659,0.7726043997017151,0.8260536398467434,57.57368186228326,0.9342035055160522,0.9024360775947572,0.9180450439453124,0.91438357035319,google_translate
